Batch_ID,Avg_Weight (kg),FCR,Mortality_Rate (%),Water_Consumption (L/day),Feed_Intake (kg/day),Temperature (Â°C),Humidity (%)
B0001,1.87,1.68,3.03,3.45,3.01,28.5,64.2
B0002,2.45,1.31,1.82,4.23,2.92,25.2,58.4
B0003,2.23,1.31,3.34,3.53,4.35,30.1,68.0
B0004,2.1,1.46,2.9,3.7,3.12,28.3,57.8
B0005,1.66,1.54,4.55,3.59,4.2,25.1,78.3
B0006,1.66,1.69,4.23,3.53,3.73,30.7,59.6
B0007,1.56,1.64,3.14,4.69,2.93,27.6,61.3
B0008,2.37,1.52,2.48,3.71,4.42,24.5,65.2
B0009,2.1,1.44,5.95,4.87,3.22,28.4,64.6
B0010,2.21,1.8,3.54,4.95,4.26,25.8,74.9
B0011,1.52,1.51,4.6,4.23,3.09,29.6,66.4
B0012,2.47,1.53,2.13,3.46,4.25,29.7,59.3
B0013,2.33,1.38,3.69,3.87,2.82,30.9,61.7
B0014,1.71,1.7,1.62,4.64,3.67,27.5,67.7
B0015,1.68,1.65,3.77,3.86,4.11,27.2,58.7
B0016,1.68,1.41,5.84,3.36,4.39,29.3,70.3
B0017,1.8,1.34,3.23,4.2,4.35,24.9,69.1
B0018,2.02,1.64,1.68,4.72,4.19,27.8,72.9
B0019,1.93,1.63,1.64,4.63,4.31,27.8,78.4
B0020,1.79,1.44,3.25,3.52,3.14,24.6,77.8
B0021,2.11,1.78,2.22,4.41,3.28,26.9,78.7
B0022,1.64,1.38,1.61,3.6,3.29,30.0,61.1
B0023,1.79,1.52,4.9,3.59,3.44,30.0,58.3
B0024,1.87,1.77,3.56,4.77,3.47,24.7,62.6
B0025,1.96,1.51,2.8,3.65,3.73,24.6,77.4
B0026,2.29,1.62,5.55,3.67,3.07,25.8,79.3
B0027,1.7,1.5,2.02,3.2,3.98,30.1,76.5
B0028,2.01,1.44,5.8,4.77,3.08,24.9,57.8
B0029,2.09,1.79,2.91,4.63,3.33,29.0,78.7
B0030,1.55,1.5,5.5,4.33,3.66,24.7,65.6
B0031,2.11,1.75,4.21,4.55,4.15,28.4,55.2
B0032,1.67,1.41,5.22,3.47,4.06,26.5,66.1
B0033,1.57,1.41,5.93,4.02,3.9,29.5,56.2
B0034,2.45,1.32,2.8,3.83,3.06,25.6,68.6
B0035,2.47,1.63,5.83,3.37,3.73,28.5,63.5
B0036,2.31,1.48,3.25,4.08,2.95,25.6,66.8
B0037,1.8,1.73,3.23,4.86,3.44,29.0,70.3
B0038,1.6,1.54,3.03,3.27,3.5,30.1,76.7
B0039,2.18,1.78,3.94,3.72,2.87,24.9,71.5
B0040,1.94,1.39,2.19,3.57,3.27,30.1,65.9
B0041,1.62,1.73,3.99,3.63,4.42,28.2,75.5
B0042,2.0,1.69,3.94,4.84,4.42,24.9,77.6
B0043,1.53,1.69,4.93,4.04,3.4,27.0,58.0
B0044,2.41,1.72,5.25,4.04,2.87,25.1,68.3
B0045,1.76,1.68,3.48,4.57,3.1,28.9,62.1
B0046,2.16,1.61,2.86,3.48,3.47,29.3,56.2
B0047,1.81,1.37,2.67,4.08,4.41,24.7,71.7
B0048,2.02,1.32,2.38,3.97,3.04,27.5,76.6
B0049,2.05,1.76,1.76,4.27,4.1,29.7,59.1
B0050,1.68,1.61,3.04,5.0,2.98,30.6,75.3
B0051,2.47,1.7,2.72,4.59,4.47,27.6,76.3
B0052,2.28,1.54,5.85,3.92,3.45,30.7,77.9
B0053,2.44,1.36,4.01,4.69,4.12,27.7,61.6
B0054,2.39,1.36,3.06,3.51,3.38,26.8,77.6
B0055,2.1,1.64,4.11,3.25,3.87,29.9,63.0
B0056,2.42,1.52,2.13,3.57,3.13,27.5,68.8
B0057,1.59,1.4,3.5,3.81,3.05,27.3,56.3
B0058,1.7,1.55,4.32,4.12,4.39,27.4,56.1
B0059,1.55,1.33,3.7,4.31,4.36,29.9,73.0
B0060,1.83,1.59,3.31,4.84,4.31,29.8,66.1
B0061,1.89,1.43,5.97,4.12,3.86,26.8,61.4
B0062,1.77,1.7,5.46,4.1,4.17,26.3,59.8
B0063,2.33,1.46,4.31,3.29,2.92,27.4,71.7
B0064,1.86,1.53,4.06,3.26,3.37,28.0,55.0
B0065,1.78,1.31,4.29,4.19,3.33,25.7,75.1
B0066,2.04,1.34,2.41,3.99,3.88,29.6,57.0
B0067,1.64,1.5,3.28,4.71,3.41,27.4,59.8
B0068,2.3,1.54,1.68,3.49,3.05,26.3,64.7
B0069,1.57,1.6,3.64,3.24,3.81,24.7,67.1
B0070,2.49,1.45,3.94,4.01,4.18,25.7,63.9
B0071,2.27,1.65,2.52,3.63,3.45,30.6,63.0
B0072,1.7,1.73,5.84,3.29,3.02,26.1,79.1
B0073,1.51,1.69,5.59,4.5,3.13,25.2,71.0
B0074,2.32,1.32,4.75,3.4,3.2,27.2,55.6
B0075,2.21,1.54,3.9,4.29,3.31,26.1,65.8
B0076,2.23,1.35,5.41,3.71,3.89,24.2,76.9
B0077,2.27,1.42,2.09,3.51,3.82,26.3,62.5
B0078,1.57,1.79,5.06,3.88,3.98,27.8,57.4
B0079,1.86,1.37,2.06,4.64,3.42,27.9,74.0
B0080,1.62,1.55,5.07,3.91,4.2,26.5,70.2
B0081,2.36,1.61,2.74,4.55,3.15,27.1,69.3
B0082,2.12,1.65,5.45,3.43,3.6,30.8,56.3
B0083,1.83,1.58,5.75,4.59,4.16,26.6,58.5
B0084,1.56,1.3,2.17,3.63,3.11,25.8,70.6
B0085,1.81,1.46,3.58,4.42,2.99,25.7,60.2
B0086,1.83,1.56,5.91,4.22,4.3,27.2,67.6
B0087,2.23,1.34,3.68,4.87,3.38,29.3,68.6
B0088,2.14,1.48,5.39,3.9,3.96,25.4,62.1
B0089,2.39,1.32,4.15,3.32,2.84,29.0,78.7
B0090,1.97,1.34,3.19,3.23,3.97,24.1,76.1
B0091,1.62,1.5,2.79,4.69,3.34,26.9,73.1
B0092,2.21,1.37,2.41,4.14,2.89,29.4,56.9
B0093,2.26,1.58,4.93,4.6,3.84,26.4,57.7
B0094,2.06,1.64,3.24,3.62,3.21,27.9,67.3
B0095,2.27,1.7,3.8,3.82,3.46,25.4,59.0
B0096,1.99,1.4,3.72,3.25,2.94,29.2,79.5
B0097,2.02,1.38,4.1,4.93,3.05,24.4,59.0
B0098,1.93,1.35,5.4,4.4,3.31,30.0,67.2
B0099,1.53,1.62,5.91,4.88,2.95,25.4,64.1
B0100,1.61,1.65,3.33,3.68,4.35,30.1,71.0
B0101,1.53,1.32,5.22,4.3,2.81,26.5,58.2
B0102,2.14,1.77,4.94,4.42,3.62,29.1,65.8
B0103,1.81,1.33,4.08,3.77,3.01,26.2,61.9
B0104,2.01,1.57,5.8,4.73,3.32,30.3,77.2
B0105,2.41,1.65,2.4,4.9,4.37,24.9,56.0
B0106,1.75,1.74,1.99,4.79,3.07,25.2,77.8
B0107,1.91,1.66,5.34,4.53,4.44,27.5,75.8
B0108,2.26,1.7,3.48,3.7,3.15,24.6,62.4
B0109,1.73,1.47,5.31,3.71,4.06,25.4,74.7
B0110,1.58,1.71,5.52,4.93,3.73,30.6,55.8
B0111,1.79,1.34,1.78,3.22,4.3,30.8,79.2
B0112,1.66,1.75,5.48,4.49,3.74,26.6,68.2
B0113,2.43,1.57,3.52,4.47,3.71,30.5,62.6
B0114,2.31,1.71,3.8,4.32,3.13,27.8,64.1
B0115,2.13,1.53,4.32,4.98,3.08,25.9,56.7
B0116,2.37,1.62,5.67,3.76,4.36,28.9,79.7
B0117,2.3,1.56,1.59,3.81,3.36,28.6,56.0
B0118,1.69,1.67,3.65,3.34,3.43,30.9,71.4
B0119,2.39,1.34,4.59,4.0,4.09,25.9,66.1
B0120,2.04,1.33,4.75,3.67,3.38,28.7,78.7
B0121,2.31,1.42,4.62,3.82,4.42,24.4,61.1
B0122,2.4,1.38,2.1,4.7,4.05,24.8,68.3
B0123,1.82,1.74,2.85,4.88,3.82,24.0,67.1
B0124,1.61,1.41,3.11,3.53,4.3,31.0,72.6
B0125,1.73,1.79,5.12,3.87,2.88,29.6,56.7
B0126,1.93,1.47,2.75,4.87,3.24,29.5,59.8
B0127,2.32,1.39,2.45,3.31,3.59,27.6,60.4
B0128,2.36,1.69,5.81,3.37,3.19,26.1,73.5
B0129,1.51,1.63,1.54,3.49,4.06,25.1,59.7
B0130,2.01,1.55,5.99,4.27,4.36,26.0,69.3
B0131,1.92,1.58,4.55,3.47,3.52,26.6,60.4
B0132,1.72,1.66,5.23,4.94,3.38,29.3,76.5
B0133,1.62,1.41,2.83,4.0,4.43,27.8,78.6
B0134,1.84,1.8,1.56,4.1,3.56,24.5,68.0
B0135,2.44,1.79,4.82,3.64,3.63,24.1,63.8
B0136,1.82,1.63,5.25,4.05,3.4,24.7,60.9
B0137,2.02,1.4,4.83,4.39,4.35,26.9,56.2
B0138,2.2,1.64,2.14,4.55,3.77,30.5,61.7
B0139,1.86,1.34,4.89,4.56,4.1,28.5,71.4
B0140,2.47,1.32,4.96,4.24,4.18,29.6,68.3
B0141,2.46,1.43,4.46,4.83,3.38,27.3,78.6
B0142,1.75,1.53,4.95,4.67,3.54,26.5,64.9
B0143,2.0,1.73,5.31,4.56,4.24,24.8,72.3
B0144,1.8,1.66,4.26,3.3,3.42,30.1,67.2
B0145,1.78,1.67,1.9,3.21,4.15,29.5,67.8
B0146,1.54,1.51,3.69,3.58,4.4,25.2,61.7
B0147,2.11,1.47,1.85,4.39,3.86,27.6,66.4
B0148,2.0,1.49,3.33,3.94,4.06,27.4,66.8
B0149,1.55,1.79,3.33,3.92,4.17,28.4,72.7
B0150,1.78,1.32,1.8,4.79,4.24,30.6,78.5
B0151,2.41,1.73,3.07,4.81,3.47,28.1,63.2
B0152,1.74,1.59,2.0,4.84,2.89,27.8,56.1
B0153,1.64,1.52,5.14,3.76,3.48,24.4,67.4
B0154,1.99,1.66,5.76,4.44,3.95,24.4,68.6
B0155,2.49,1.54,1.83,3.69,3.57,25.3,59.2
B0156,1.74,1.74,5.8,3.54,4.07,24.2,74.0
B0157,2.17,1.75,3.85,3.53,3.41,29.2,79.6
B0158,2.26,1.51,2.85,3.82,3.88,29.1,78.6
B0159,1.74,1.44,1.85,3.97,3.12,25.0,59.9
B0160,2.23,1.6,3.75,4.7,4.07,29.9,76.9
B0161,1.87,1.76,5.08,3.42,3.73,25.1,72.6
B0162,2.13,1.41,4.68,4.52,3.15,26.1,66.3
B0163,2.13,1.61,1.73,4.16,3.3,25.7,68.5
B0164,2.04,1.62,1.83,3.72,4.07,26.6,76.2
B0165,1.59,1.67,3.31,4.09,3.62,25.8,67.0
B0166,2.34,1.37,2.83,3.74,3.17,27.4,64.3
B0167,1.82,1.66,2.55,4.27,4.44,26.9,67.3
B0168,1.69,1.75,2.76,3.98,4.02,30.9,69.5
B0169,1.54,1.39,5.12,3.5,4.43,24.4,59.7
B0170,2.09,1.42,5.68,3.41,3.53,25.0,77.5
B0171,2.18,1.79,3.32,4.18,3.61,24.4,71.9
B0172,1.52,1.39,5.58,4.82,4.33,28.4,70.8
B0173,2.01,1.73,2.95,3.82,3.69,24.4,57.5
B0174,1.73,1.55,3.64,4.52,4.0,29.9,70.1
B0175,2.15,1.42,2.52,4.39,3.23,27.6,58.0
B0176,1.67,1.74,4.38,4.88,3.56,27.7,57.0
B0177,2.19,1.52,5.91,4.68,3.01,27.9,68.2
B0178,1.89,1.56,4.22,4.22,3.15,25.2,65.1
B0179,2.44,1.48,3.11,4.38,2.8,25.4,69.7
B0180,1.64,1.6,4.42,4.82,2.87,26.2,57.2
B0181,1.84,1.38,2.05,3.92,4.46,28.2,65.8
B0182,1.61,1.5,5.5,3.79,3.21,25.5,59.4
B0183,2.42,1.78,3.76,3.22,3.93,24.8,79.7
B0184,2.38,1.43,3.52,4.69,4.23,30.8,69.0
B0185,1.76,1.63,4.14,4.64,3.74,24.2,72.2
B0186,2.16,1.46,4.31,3.39,3.06,29.6,63.1
B0187,2.32,1.69,1.82,4.24,4.04,29.5,57.4
B0188,2.06,1.37,4.57,4.04,3.82,26.1,79.4
B0189,2.03,1.78,2.59,3.41,4.04,24.9,62.2
B0190,1.74,1.53,4.71,4.97,4.11,25.0,65.6
B0191,1.59,1.42,5.2,3.59,4.46,28.9,71.2
B0192,2.4,1.34,5.12,3.32,3.78,28.5,55.6
B0193,2.4,1.38,3.99,4.27,3.38,29.5,75.3
B0194,2.13,1.56,3.84,4.53,3.9,30.6,68.4
B0195,1.84,1.47,2.14,3.26,2.92,28.8,62.0
B0196,1.85,1.71,4.99,4.39,4.33,25.1,56.5
B0197,2.23,1.52,2.72,4.16,3.0,25.7,59.1
B0198,2.4,1.42,3.74,3.39,3.36,29.9,77.4
B0199,2.39,1.61,2.78,3.51,4.19,25.5,72.2
B0200,2.28,1.65,2.1,4.22,3.82,24.5,61.2
B0201,2.14,1.38,4.33,3.73,3.47,28.9,56.6
B0202,1.58,1.38,1.74,4.89,3.6,26.8,72.3
B0203,1.66,1.32,4.87,4.67,4.25,30.4,69.3
B0204,2.4,1.67,2.93,4.97,3.38,28.6,65.1
B0205,2.11,1.63,1.5,3.67,4.28,24.6,64.1
B0206,1.51,1.54,3.8,4.95,2.95,30.6,60.4
B0207,1.6,1.72,1.71,3.98,4.12,25.8,71.7
B0208,2.16,1.7,2.74,3.83,4.24,26.4,79.3
B0209,1.51,1.59,4.68,3.29,3.11,26.8,59.4
B0210,1.66,1.73,1.78,3.29,3.53,24.4,69.9
B0211,2.05,1.4,5.28,4.45,3.08,27.5,65.6
B0212,2.19,1.36,1.52,4.02,4.0,24.9,66.2
B0213,2.15,1.43,2.61,3.61,3.71,26.8,61.4
B0214,1.72,1.33,4.83,4.31,3.88,26.5,75.6
B0215,2.21,1.57,2.92,3.66,3.13,29.4,67.1
B0216,1.74,1.77,1.96,4.24,3.16,29.6,68.6
B0217,1.83,1.32,3.12,3.85,2.87,25.1,62.6
B0218,2.25,1.36,2.72,4.68,3.35,26.6,59.5
B0219,2.15,1.53,5.29,4.68,3.75,26.6,57.1
B0220,2.35,1.77,2.91,4.06,4.26,25.1,72.9
B0221,2.16,1.46,5.05,3.83,3.93,29.6,59.9
B0222,2.07,1.55,5.51,3.85,3.54,29.0,72.3
B0223,1.59,1.32,3.45,4.65,4.42,25.3,64.8
B0224,1.87,1.37,5.59,3.79,4.02,26.6,65.4
B0225,1.77,1.79,3.2,3.58,4.38,24.7,66.7
B0226,1.74,1.78,5.84,3.35,3.7,28.4,64.2
B0227,2.47,1.3,1.9,4.04,3.24,24.8,57.5
B0228,1.89,1.78,4.59,4.07,2.89,30.9,62.7
B0229,2.39,1.62,3.72,4.71,4.03,29.5,71.6
B0230,2.13,1.73,3.24,3.6,3.01,26.7,71.6
B0231,2.29,1.53,4.35,3.89,3.31,28.0,62.2
B0232,2.0,1.56,4.67,4.66,3.71,30.4,66.5
B0233,2.08,1.54,1.52,4.68,3.76,27.9,59.8
B0234,1.99,1.63,2.25,3.89,3.82,25.2,60.3
B0235,1.7,1.37,4.71,4.03,3.08,26.7,55.6
B0236,2.22,1.31,4.5,3.75,3.45,29.9,77.4
B0237,1.78,1.45,5.85,4.88,3.85,28.5,60.3
B0238,1.52,1.65,4.92,3.41,4.45,28.6,60.7
B0239,2.15,1.4,5.78,4.88,4.04,30.1,62.0
B0240,1.68,1.64,4.66,4.43,4.37,30.3,58.2
B0241,2.44,1.78,2.84,4.16,4.1,30.4,71.0
B0242,2.45,1.35,1.97,3.26,3.81,24.7,56.9
B0243,2.41,1.64,5.02,4.06,3.13,27.8,58.4
B0244,1.87,1.52,4.4,3.93,3.93,29.2,71.1
B0245,1.52,1.73,1.72,3.49,3.86,29.3,63.5
B0246,2.43,1.39,3.12,4.38,3.82,28.2,72.7
B0247,1.93,1.65,5.81,4.95,3.63,25.2,68.9
B0248,2.47,1.72,3.75,4.21,3.7,29.6,61.4
B0249,2.46,1.77,3.45,4.49,3.37,29.0,71.3
B0250,2.35,1.64,3.56,3.32,3.68,24.6,57.9
B0251,1.79,1.55,2.44,3.95,3.14,27.2,68.4
B0252,1.89,1.61,3.16,3.41,4.17,25.2,65.9
B0253,2.35,1.73,3.16,4.3,3.12,26.4,61.7
B0254,1.82,1.59,1.74,4.89,2.94,24.1,70.1
B0255,1.67,1.32,4.95,4.39,3.54,26.8,76.8
B0256,2.06,1.77,3.37,3.34,3.92,27.8,80.0
B0257,2.44,1.64,5.2,3.84,3.54,28.3,70.2
B0258,2.2,1.64,5.33,4.19,3.27,28.6,65.1
B0259,2.07,1.41,2.45,3.93,3.75,29.9,60.6
B0260,1.6,1.63,4.46,4.7,3.39,25.5,61.4
B0261,2.12,1.5,3.63,4.67,4.39,24.8,67.0
B0262,2.49,1.63,5.46,4.3,4.37,30.0,64.2
B0263,1.64,1.35,2.47,3.87,3.65,25.1,77.8
B0264,2.02,1.63,4.55,3.66,3.36,30.8,64.2
B0265,2.38,1.8,4.23,3.39,4.05,29.9,64.3
B0266,2.24,1.32,2.83,3.84,2.86,27.5,64.6
B0267,2.2,1.79,2.11,3.94,3.61,30.9,75.9
B0268,2.2,1.5,4.43,4.42,3.37,24.7,71.3
B0269,1.86,1.74,4.82,4.38,4.36,26.1,70.4
B0270,1.79,1.69,2.92,3.33,2.82,28.5,63.4
B0271,2.31,1.58,4.4,3.91,3.74,26.5,75.4
B0272,2.31,1.67,3.28,3.53,4.06,30.5,56.0
B0273,2.37,1.74,4.71,3.48,3.62,24.5,76.8
B0274,2.41,1.5,2.4,4.69,2.95,27.8,67.8
B0275,2.01,1.46,5.51,3.28,4.45,28.1,65.0
B0276,2.0,1.63,2.79,3.95,3.68,28.6,67.4
B0277,2.3,1.7,3.16,3.5,3.84,25.8,71.7
B0278,2.15,1.68,1.76,4.78,3.2,26.6,55.3
B0279,2.2,1.7,2.0,4.2,3.62,29.9,76.8
B0280,2.3,1.52,3.82,3.62,3.53,25.4,66.2
B0281,2.39,1.71,2.7,4.1,2.93,29.8,63.6
B0282,1.84,1.36,5.26,4.52,2.98,27.9,58.5
B0283,1.88,1.57,1.57,4.92,4.22,29.3,66.0
B0284,1.59,1.3,3.21,3.6,3.21,29.0,67.4
B0285,2.08,1.46,3.02,4.8,3.13,25.5,65.1
B0286,1.54,1.48,1.59,4.88,3.66,28.0,72.0
B0287,1.97,1.5,2.06,4.85,4.11,30.1,65.5
B0288,2.04,1.65,3.36,4.34,2.91,27.0,79.0
B0289,1.79,1.49,3.72,4.33,3.78,30.8,70.0
B0290,2.09,1.52,3.32,3.93,3.0,27.2,75.2
B0291,1.53,1.42,3.89,4.55,2.86,25.0,57.7
B0292,1.54,1.49,4.18,4.16,2.89,26.7,64.9
B0293,2.32,1.41,1.54,4.42,4.22,30.7,63.4
B0294,1.86,1.34,3.59,3.97,3.0,26.2,69.2
B0295,1.63,1.6,5.84,4.52,2.88,30.1,76.5
B0296,2.02,1.63,3.84,4.68,3.54,30.2,57.0
B0297,2.27,1.61,4.55,3.46,4.23,26.5,56.8
B0298,1.72,1.53,2.9,4.7,3.25,24.6,76.3
B0299,2.12,1.49,4.98,4.17,3.52,29.1,60.3
B0300,1.59,1.73,4.98,4.72,2.87,26.2,71.7
B0301,1.55,1.56,3.85,3.98,3.56,29.5,68.6
B0302,2.03,1.54,5.89,3.88,3.78,27.1,75.8
B0303,2.04,1.31,2.06,4.85,3.77,27.4,58.1
B0304,2.14,1.47,1.58,3.65,3.37,29.4,58.2
B0305,2.23,1.49,4.97,4.72,3.34,26.7,68.9
B0306,2.48,1.5,5.13,4.07,2.98,27.1,78.7
B0307,2.02,1.59,2.04,4.13,3.42,26.6,65.4
B0308,1.82,1.57,2.7,3.76,2.97,26.6,63.2
B0309,2.3,1.6,1.58,4.23,4.1,27.7,70.2
B0310,1.77,1.68,2.82,3.79,4.44,29.7,78.3
B0311,1.94,1.71,4.98,3.27,4.45,26.5,75.9
B0312,1.58,1.66,3.83,3.69,4.27,27.7,79.9
B0313,1.53,1.78,3.07,3.21,3.82,28.7,55.6
B0314,2.46,1.31,3.17,4.96,3.99,25.9,57.8
B0315,2.34,1.4,1.51,4.94,3.28,25.9,70.2
B0316,2.2,1.3,2.85,3.91,3.87,30.5,75.5
B0317,1.91,1.62,4.41,4.51,3.57,29.1,62.1
B0318,1.67,1.75,5.88,3.82,3.62,28.0,61.0
B0319,1.66,1.42,5.31,4.41,4.09,28.5,74.7
B0320,1.75,1.76,1.61,4.65,3.28,24.2,56.4
B0321,2.05,1.33,5.54,4.9,3.34,28.3,64.2
B0322,2.21,1.77,5.02,3.92,4.37,27.6,67.6
B0323,2.16,1.48,5.01,4.61,2.9,27.8,69.0
B0324,1.78,1.35,3.56,3.68,3.63,26.5,73.2
B0325,2.45,1.54,3.29,4.98,4.35,24.6,63.9
B0326,2.24,1.43,2.86,3.25,3.84,25.4,70.3
B0327,2.05,1.44,1.8,4.29,3.73,30.7,69.6
B0328,2.11,1.45,2.53,4.39,3.22,26.9,68.7
B0329,1.92,1.7,2.61,4.44,3.38,27.3,71.0
B0330,1.75,1.57,3.68,3.42,4.25,24.4,61.5
B0331,1.86,1.46,4.86,4.89,3.75,24.3,57.1
B0332,2.26,1.61,3.63,3.53,3.68,29.0,58.0
B0333,1.51,1.66,1.76,4.32,2.97,27.8,60.6
B0334,1.62,1.44,5.81,3.6,2.83,27.6,67.5
B0335,1.55,1.51,5.74,3.75,4.44,25.7,76.0
B0336,1.54,1.36,5.03,4.18,3.44,29.2,72.5
B0337,2.36,1.39,5.96,3.95,3.83,25.2,74.7
B0338,2.2,1.64,3.95,3.49,2.94,25.3,63.8
B0339,1.97,1.39,5.83,3.51,3.96,27.2,65.1
B0340,1.6,1.56,1.84,3.95,4.39,26.0,64.8
B0341,1.99,1.65,3.15,4.56,3.78,25.7,59.8
B0342,1.97,1.35,2.51,4.82,3.01,28.5,56.5
B0343,1.67,1.58,2.38,3.35,3.79,28.6,69.8
B0344,1.93,1.43,2.13,3.91,4.1,29.8,79.7
B0345,1.9,1.78,4.3,3.38,3.49,26.9,59.2
B0346,2.12,1.54,5.02,3.23,4.3,24.5,56.2
B0347,2.14,1.7,4.1,4.39,3.9,25.9,74.5
B0348,1.55,1.58,2.16,4.28,4.33,30.9,61.3
B0349,1.87,1.32,5.15,3.49,3.86,28.2,75.7
B0350,2.13,1.62,4.36,3.62,3.02,29.0,72.6
B0351,2.0,1.78,3.25,3.24,3.33,24.1,78.6
B0352,2.36,1.6,4.53,4.7,3.14,27.6,65.2
B0353,2.16,1.71,2.67,4.95,4.35,24.3,71.5
B0354,1.66,1.74,3.05,3.44,4.09,28.0,66.6
B0355,1.57,1.41,5.63,3.62,3.95,30.4,70.8
B0356,2.14,1.41,2.81,4.76,3.31,30.8,66.2
B0357,1.53,1.61,3.61,4.87,3.11,27.8,59.7
B0358,2.09,1.51,5.51,3.96,4.09,27.2,67.7
B0359,2.44,1.72,4.68,3.29,3.61,30.6,68.2
B0360,2.08,1.75,1.78,3.27,3.18,28.7,75.3
B0361,1.89,1.48,2.16,4.23,3.85,24.5,73.4
B0362,2.14,1.42,1.54,3.91,2.87,27.3,71.6
B0363,1.96,1.69,4.34,3.25,3.35,25.7,57.8
B0364,2.05,1.44,3.51,4.25,3.6,27.3,73.0
B0365,2.44,1.71,2.1,3.22,3.05,27.2,67.5
B0366,1.89,1.51,5.81,4.62,4.47,28.1,77.4
B0367,2.46,1.63,3.88,3.75,3.16,26.5,78.0
B0368,2.41,1.35,2.59,3.27,3.02,25.1,56.4
B0369,1.7,1.61,3.75,4.26,3.15,27.5,75.5
B0370,1.57,1.53,4.56,3.92,4.11,29.8,55.9
B0371,1.6,1.59,1.84,4.95,3.52,28.6,64.2
B0372,1.52,1.38,2.74,4.18,3.76,26.4,68.6
B0373,1.59,1.67,5.13,3.7,2.84,30.5,58.7
B0374,2.18,1.73,3.57,4.48,2.86,30.4,73.7
B0375,1.57,1.41,3.96,3.69,3.56,25.5,55.2
B0376,1.82,1.35,3.45,4.83,4.19,24.3,59.2
B0377,2.34,1.31,1.7,3.87,4.3,29.2,69.5
B0378,1.52,1.62,2.25,4.19,2.95,29.8,72.9
B0379,2.31,1.6,3.5,3.29,3.72,30.8,77.9
B0380,1.78,1.57,2.44,3.97,4.35,30.2,72.6
B0381,1.62,1.42,1.72,4.7,3.46,28.2,71.8
B0382,2.2,1.5,5.3,4.65,4.21,27.7,64.9
B0383,2.13,1.6,5.92,3.6,3.03,24.2,55.0
B0384,2.38,1.55,5.07,3.61,4.39,25.7,58.0
B0385,2.24,1.79,5.34,4.67,4.08,27.2,68.4
B0386,2.3,1.37,2.59,4.87,4.4,28.4,71.9
B0387,1.78,1.65,5.82,3.37,3.95,27.9,65.4
B0388,1.68,1.5,2.39,4.01,3.42,29.2,73.3
B0389,2.25,1.51,5.78,3.81,4.39,26.0,68.0
B0390,2.31,1.66,5.98,4.77,3.27,28.0,56.9
B0391,2.49,1.65,4.7,3.35,3.36,24.6,59.8
B0392,1.91,1.8,5.92,3.58,3.99,26.9,76.0
B0393,1.87,1.36,4.06,4.55,4.1,29.3,73.1
B0394,2.28,1.35,2.67,3.29,4.38,28.9,77.4
B0395,1.84,1.66,3.47,4.09,3.15,30.9,57.9
B0396,2.43,1.59,4.17,4.0,4.16,25.9,79.8
B0397,2.36,1.44,1.83,3.8,4.06,27.5,60.2
B0398,1.93,1.34,4.3,3.91,2.91,26.3,55.3
B0399,2.25,1.34,5.92,4.15,3.46,27.1,79.9
B0400,2.25,1.75,2.36,3.49,3.28,30.0,62.0
B0401,1.6,1.4,5.07,4.23,3.32,28.8,71.7
B0402,2.4,1.46,5.59,4.65,4.47,30.2,59.4
B0403,2.01,1.41,5.75,4.57,3.89,25.4,69.5
B0404,2.33,1.48,5.82,3.48,4.02,30.1,77.6
B0405,1.82,1.33,3.85,3.47,4.46,24.4,63.0
B0406,2.4,1.56,5.9,3.68,3.44,30.2,71.8
B0407,1.89,1.33,4.91,3.85,4.16,26.3,59.7
B0408,1.51,1.7,2.23,3.94,3.54,26.2,70.6
B0409,2.41,1.42,3.65,4.42,4.28,27.6,63.4
B0410,1.59,1.57,4.73,3.3,3.11,30.6,60.3
B0411,1.82,1.74,2.61,3.26,4.41,24.3,62.8
B0412,2.45,1.63,4.38,3.91,3.17,26.5,59.5
B0413,2.45,1.57,4.5,4.45,3.35,30.0,77.5
B0414,2.07,1.46,2.23,3.55,4.09,26.8,64.9
B0415,2.13,1.47,4.04,4.35,3.47,25.4,61.1
B0416,1.95,1.63,4.97,3.67,3.83,27.0,66.2
B0417,1.79,1.8,3.75,4.79,3.56,26.7,63.0
B0418,1.83,1.63,1.55,4.81,4.06,30.4,73.6
B0419,2.17,1.58,1.54,3.74,3.19,29.3,79.3
B0420,2.25,1.67,3.11,3.61,2.9,27.5,66.0
B0421,2.29,1.53,5.67,3.94,3.31,30.9,76.5
B0422,2.29,1.33,2.53,3.63,3.61,27.3,69.1
B0423,1.59,1.58,4.35,4.41,3.09,24.4,58.9
B0424,1.99,1.78,2.5,4.69,3.4,25.8,72.3
B0425,1.56,1.39,2.95,4.41,3.48,27.1,67.8
B0426,2.05,1.65,5.32,4.68,2.9,25.1,71.3
B0427,1.94,1.4,4.78,3.91,3.79,30.6,77.2
B0428,2.39,1.57,1.93,3.48,4.3,29.4,66.0
B0429,1.85,1.35,3.43,4.53,3.06,25.9,77.5
B0430,1.62,1.53,1.63,3.85,3.82,28.1,73.8
B0431,1.64,1.68,3.66,4.41,3.93,29.1,67.2
B0432,2.26,1.47,4.48,3.69,3.51,30.6,70.1
B0433,2.12,1.63,2.03,3.35,3.99,30.2,63.1
B0434,1.6,1.7,2.8,4.99,3.5,27.6,79.6
B0435,1.58,1.76,3.29,3.48,3.66,29.4,71.7
B0436,2.2,1.42,5.64,4.98,2.81,27.9,56.1
B0437,1.57,1.5,5.97,4.96,3.98,27.9,63.2
B0438,2.32,1.38,1.7,4.63,3.92,24.8,70.6
B0439,2.21,1.8,4.92,4.39,2.87,24.9,56.4
B0440,1.58,1.76,3.17,4.24,3.43,27.7,55.6
B0441,1.58,1.57,3.27,4.76,4.46,25.9,66.3
B0442,2.49,1.72,4.89,3.72,3.52,24.1,63.3
B0443,1.87,1.56,5.63,4.04,3.65,29.1,66.0
B0444,1.87,1.61,5.78,4.31,4.35,24.2,61.6
B0445,2.31,1.34,4.1,3.94,4.02,28.2,59.1
B0446,2.45,1.68,3.11,3.97,3.79,27.8,72.2
B0447,2.49,1.36,5.04,3.79,4.16,30.8,67.9
B0448,2.25,1.71,2.63,4.22,4.27,27.4,60.0
B0449,1.88,1.69,4.04,4.73,3.58,24.4,63.0
B0450,1.58,1.65,3.11,3.56,3.61,27.9,69.8
B0451,2.28,1.32,4.45,4.88,3.46,29.9,56.8
B0452,2.06,1.45,2.58,4.44,4.44,31.0,58.7
B0453,1.92,1.43,2.36,4.68,3.99,27.0,56.8
B0454,2.41,1.48,5.63,4.2,2.94,26.2,75.3
B0455,1.61,1.34,1.96,4.6,4.27,30.3,73.8
B0456,1.99,1.77,3.78,3.23,3.62,25.3,73.8
B0457,1.51,1.58,2.49,4.67,2.92,28.3,72.9
B0458,1.97,1.45,1.68,3.27,3.73,26.8,71.7
B0459,1.56,1.5,1.66,4.8,3.51,24.3,66.9
B0460,1.62,1.52,2.29,4.99,4.29,26.4,71.1
B0461,1.62,1.6,5.4,3.73,3.15,25.9,56.0
B0462,2.15,1.56,2.77,3.58,4.2,28.8,70.5
B0463,2.25,1.76,5.78,4.58,3.75,30.6,74.4
B0464,2.08,1.55,4.12,3.66,2.89,25.9,67.5
B0465,2.46,1.8,3.46,4.76,4.45,29.7,63.9
B0466,1.87,1.73,4.11,3.39,3.67,24.4,61.9
B0467,1.79,1.4,3.83,3.43,3.29,27.8,71.1
B0468,2.37,1.77,4.91,4.96,3.6,24.5,72.3
B0469,1.72,1.36,2.77,4.41,4.26,30.5,76.8
B0470,2.46,1.71,3.09,4.72,3.32,29.4,63.6
B0471,1.51,1.49,5.52,3.78,3.13,28.6,74.2
B0472,2.47,1.74,5.76,4.42,3.02,29.8,69.0
B0473,1.54,1.73,5.52,4.27,3.31,28.5,77.1
B0474,2.39,1.7,3.39,4.29,4.13,30.8,68.2
B0475,2.03,1.7,5.01,4.43,3.6,29.0,67.9
B0476,2.49,1.45,3.64,4.24,3.19,30.5,69.4
B0477,1.57,1.34,3.74,3.97,3.08,27.6,73.7
B0478,2.05,1.5,2.42,3.7,3.37,24.8,79.1
B0479,2.47,1.39,4.16,4.58,4.4,27.7,56.8
B0480,2.02,1.65,2.34,3.61,3.38,24.9,56.3
B0481,2.13,1.47,2.99,4.45,4.48,28.1,78.4
B0482,2.2,1.79,5.35,3.62,3.62,27.4,68.2
B0483,1.95,1.62,2.43,4.33,3.1,28.4,70.4
B0484,2.13,1.71,1.82,4.54,4.31,24.1,67.1
B0485,2.08,1.37,1.81,3.59,3.58,25.4,57.3
B0486,2.4,1.73,5.73,3.31,4.01,27.4,74.2
B0487,1.55,1.76,3.78,3.44,4.47,30.7,73.7
B0488,1.78,1.54,3.34,4.29,2.89,26.7,62.8
B0489,2.45,1.6,5.15,4.73,2.96,27.0,62.7
B0490,2.39,1.68,5.26,3.28,4.02,29.0,75.9
B0491,1.96,1.39,2.99,4.52,3.28,28.2,56.8
B0492,2.12,1.55,4.62,3.81,3.11,26.1,77.0
B0493,1.78,1.5,4.97,4.06,2.87,26.9,61.4
B0494,1.69,1.37,4.45,4.87,2.84,25.5,69.8
B0495,1.96,1.48,2.18,3.8,4.12,30.8,78.4
B0496,1.85,1.33,5.44,4.04,3.03,24.9,72.0
B0497,2.08,1.31,3.93,3.22,3.6,26.6,65.4
B0498,1.58,1.37,2.77,3.35,3.83,24.2,72.2
B0499,2.47,1.78,3.41,3.67,3.53,25.6,63.6
B0500,2.49,1.57,1.67,3.25,2.85,29.5,61.9
B0501,2.2,1.78,2.08,4.34,4.13,25.4,79.9
B0502,2.04,1.52,4.94,3.97,2.82,24.6,73.8
B0503,1.81,1.46,1.5,4.19,4.1,27.3,71.1
B0504,2.31,1.55,3.37,3.51,4.32,24.1,63.9
B0505,2.18,1.52,3.85,3.73,3.54,24.6,56.2
B0506,1.66,1.35,1.75,4.39,3.71,29.7,55.8
B0507,2.41,1.62,5.88,4.94,3.61,29.4,68.9
B0508,2.32,1.41,2.52,3.29,3.46,30.4,74.1
B0509,2.45,1.61,2.87,4.8,4.31,30.0,68.4
B0510,2.23,1.63,2.87,4.24,4.32,28.8,76.0
B0511,2.11,1.38,2.54,4.22,3.37,24.4,55.8
B0512,1.92,1.33,1.51,4.1,3.85,29.5,64.2
B0513,2.43,1.69,4.78,3.32,4.38,29.9,60.9
B0514,2.37,1.53,5.85,3.36,4.44,29.6,66.2
B0515,1.55,1.33,2.51,4.28,3.67,27.6,56.8
B0516,1.53,1.8,4.48,3.81,3.57,25.6,78.9
B0517,1.88,1.33,4.84,4.85,3.27,29.9,60.6
B0518,2.31,1.65,5.32,3.93,4.43,29.1,78.1
B0519,2.49,1.79,3.4,3.46,3.04,30.9,65.6
B0520,1.65,1.42,2.86,4.49,3.79,25.1,79.6
B0521,2.09,1.37,2.96,3.73,3.28,25.6,68.9
B0522,1.88,1.36,4.71,4.15,3.27,25.5,78.3
B0523,2.47,1.45,5.18,4.46,3.49,29.5,55.1
B0524,2.34,1.35,2.32,4.82,4.5,25.3,73.7
B0525,2.34,1.65,3.17,4.63,2.89,24.5,77.6
B0526,1.97,1.33,5.56,4.42,3.78,31.0,58.5
B0527,1.91,1.55,5.13,4.42,2.94,24.2,57.4
B0528,1.77,1.8,5.93,4.9,3.06,29.8,65.6
B0529,1.56,1.71,4.89,3.73,3.55,26.6,78.3
B0530,2.36,1.61,3.27,3.2,3.67,29.9,68.6
B0531,2.31,1.45,4.16,3.69,3.24,27.9,68.2
B0532,2.5,1.61,4.47,3.59,3.34,30.3,58.5
B0533,2.5,1.56,1.85,4.39,2.95,30.5,55.0
B0534,2.06,1.51,3.95,4.34,3.32,24.1,75.3
B0535,2.27,1.37,4.69,4.27,4.44,24.5,57.2
B0536,2.44,1.74,2.25,3.23,4.41,25.8,70.8
B0537,2.35,1.52,5.01,4.51,3.37,28.7,77.9
B0538,1.75,1.4,4.13,3.78,3.77,30.2,60.2
B0539,1.95,1.48,5.78,4.4,4.35,27.2,71.6
B0540,1.63,1.51,1.69,4.2,2.81,28.2,57.0
B0541,2.45,1.71,2.69,3.82,4.18,25.3,70.1
B0542,2.11,1.67,4.21,3.44,4.41,29.6,59.1
B0543,1.73,1.68,2.83,3.37,2.96,30.8,73.4
B0544,2.17,1.31,4.71,4.7,3.07,25.9,62.5
B0545,2.12,1.51,4.92,4.85,4.43,27.5,66.6
B0546,1.86,1.54,1.96,4.37,3.71,24.6,70.0
B0547,1.61,1.31,3.81,3.39,2.82,27.9,59.3
B0548,2.17,1.43,3.79,3.92,3.24,27.5,73.5
B0549,2.02,1.68,3.16,4.51,3.56,25.0,62.6
B0550,2.27,1.37,5.7,4.6,3.98,27.1,71.6
B0551,2.02,1.57,5.22,3.41,4.05,26.3,59.0
B0552,2.35,1.41,4.64,3.2,4.49,27.7,72.2
B0553,2.05,1.31,4.71,4.48,3.29,28.1,58.2
B0554,2.06,1.42,3.58,3.84,3.71,24.1,65.6
B0555,2.38,1.79,5.64,3.66,3.71,29.3,61.2
B0556,1.9,1.7,4.63,3.22,3.49,29.0,73.7
B0557,1.63,1.78,4.78,4.17,3.09,26.6,61.6
B0558,1.53,1.54,5.38,4.73,4.46,24.4,77.0
B0559,2.26,1.35,2.73,4.92,4.25,29.3,77.3
B0560,2.12,1.57,5.13,4.22,3.65,30.7,59.9
B0561,2.2,1.53,2.38,4.13,3.83,25.7,70.3
B0562,1.71,1.72,3.05,3.35,3.19,26.3,57.2
B0563,1.64,1.35,3.01,4.19,3.72,25.3,64.8
B0564,1.51,1.54,5.9,3.88,3.98,28.0,72.8
B0565,1.85,1.38,5.35,4.29,3.68,25.1,71.5
B0566,2.09,1.46,4.66,3.9,4.48,26.5,70.6
B0567,1.89,1.67,4.77,3.63,3.84,28.9,62.1
B0568,1.94,1.54,4.03,3.37,3.43,27.9,64.5
B0569,2.4,1.49,5.76,3.77,4.11,26.7,57.6
B0570,1.85,1.5,3.73,3.37,3.09,26.9,73.0
B0571,2.01,1.53,3.21,3.52,3.45,27.9,67.6
B0572,2.28,1.69,2.23,4.98,3.39,24.0,72.7
B0573,1.9,1.75,5.04,4.0,3.53,24.5,61.2
B0574,2.12,1.78,4.8,4.16,4.13,30.2,63.1
B0575,2.36,1.69,3.23,4.77,3.62,24.5,63.4
B0576,2.45,1.46,1.61,4.99,4.15,28.9,55.6
B0577,1.65,1.64,5.28,4.25,3.78,30.4,63.5
B0578,2.43,1.52,1.55,4.66,3.38,25.9,75.1
B0579,1.99,1.43,4.67,3.79,4.18,26.6,77.4
B0580,1.76,1.72,5.87,3.75,3.21,28.0,68.0
B0581,1.96,1.32,3.47,3.92,3.18,30.2,66.4
B0582,2.48,1.75,2.56,4.41,3.66,30.6,55.8
B0583,1.99,1.53,4.67,4.43,3.24,29.2,77.0
B0584,1.83,1.62,5.18,3.77,2.82,24.6,55.3
B0585,2.13,1.63,3.96,3.44,3.9,28.7,78.6
B0586,1.74,1.75,5.85,4.34,3.67,26.9,67.2
B0587,1.58,1.62,1.73,3.43,3.56,27.3,63.5
B0588,1.63,1.61,3.77,4.24,4.44,24.3,78.1
B0589,1.63,1.33,4.73,4.45,3.77,25.3,55.6
B0590,1.65,1.56,5.38,4.46,4.27,29.5,69.5
B0591,1.64,1.38,2.31,4.56,3.04,27.2,68.7
B0592,2.14,1.67,5.1,4.77,3.77,26.1,60.5
B0593,1.68,1.56,3.99,4.1,4.28,26.7,65.7
B0594,1.85,1.64,3.28,4.51,3.79,30.0,71.3
B0595,2.4,1.32,2.09,4.31,4.02,29.2,73.2
B0596,1.97,1.34,5.39,3.54,3.43,25.9,55.0
B0597,2.17,1.66,2.21,3.25,2.96,24.8,78.4
B0598,1.67,1.34,2.89,3.71,3.58,25.8,59.1
B0599,1.69,1.34,2.81,4.0,3.47,30.4,60.8
B0600,1.54,1.31,5.42,4.31,4.27,28.1,61.6
B0601,1.67,1.78,4.53,4.73,3.21,27.7,55.9
B0602,1.78,1.67,5.09,3.55,4.44,28.2,58.1
B0603,1.68,1.48,2.63,3.43,4.43,26.6,79.7
B0604,1.59,1.45,4.31,4.93,3.22,29.6,62.9
B0605,1.62,1.47,4.07,3.39,3.39,27.7,57.9
B0606,1.96,1.69,5.25,4.06,4.32,24.8,57.7
B0607,1.71,1.63,5.58,4.25,4.44,24.9,73.0
B0608,1.86,1.39,1.55,4.17,3.55,27.8,76.4
B0609,2.0,1.39,4.53,3.35,3.35,30.6,61.4
B0610,2.19,1.35,1.73,3.3,3.69,26.2,55.5
B0611,1.54,1.63,3.97,3.39,3.97,30.1,60.6
B0612,2.3,1.68,2.79,4.25,3.26,29.3,56.4
B0613,2.13,1.43,2.88,4.18,4.05,25.7,57.6
B0614,1.58,1.31,3.09,3.62,2.89,24.3,65.8
B0615,2.37,1.34,4.3,4.35,2.88,24.7,60.7
B0616,2.42,1.78,3.0,4.68,3.46,29.1,67.9
B0617,1.56,1.45,4.8,3.27,3.4,25.4,61.3
B0618,1.78,1.68,3.32,4.1,3.34,26.6,78.5
B0619,2.31,1.61,1.81,4.44,3.63,27.5,77.6
B0620,2.25,1.49,5.03,3.65,3.35,29.1,69.2
B0621,1.68,1.4,2.79,3.75,3.13,24.8,63.9
B0622,1.71,1.36,3.45,4.3,3.33,26.8,64.5
B0623,1.87,1.61,4.58,4.82,4.46,27.4,65.3
B0624,1.98,1.69,3.0,4.66,3.5,27.8,73.2
B0625,2.12,1.62,1.75,4.25,3.56,29.7,66.3
B0626,1.87,1.57,3.18,4.51,3.78,25.2,76.4
B0627,1.96,1.32,5.75,3.86,4.47,29.7,78.6
B0628,2.25,1.78,4.39,4.35,3.21,28.9,63.4
B0629,1.54,1.7,4.52,4.04,3.96,27.9,69.0
B0630,1.75,1.45,4.35,3.54,4.02,28.9,57.4
B0631,2.21,1.79,2.4,4.46,3.83,26.9,60.0
B0632,2.4,1.6,3.38,4.2,2.95,25.0,65.3
B0633,2.01,1.59,4.88,3.85,3.95,28.7,60.2
B0634,2.03,1.67,1.96,4.84,2.91,27.7,76.9
B0635,1.61,1.71,2.75,3.24,3.81,28.5,59.0
B0636,1.95,1.63,2.74,3.77,4.06,26.4,66.4
B0637,2.03,1.36,3.44,3.3,3.16,30.3,70.1
B0638,1.74,1.47,5.91,4.58,4.23,28.1,72.3
B0639,1.77,1.76,1.8,4.46,2.85,24.6,64.6
B0640,1.88,1.41,3.83,3.8,4.23,27.1,76.7
B0641,1.52,1.49,2.31,4.42,3.58,29.3,69.2
B0642,1.82,1.52,5.87,3.91,3.17,29.6,66.0
B0643,1.71,1.52,2.01,4.56,3.03,27.5,56.7
B0644,1.83,1.61,3.32,4.02,4.42,30.3,66.6
B0645,1.62,1.77,4.82,3.94,2.92,25.9,75.5
B0646,2.39,1.42,4.67,4.88,3.14,26.9,70.4
B0647,2.09,1.36,3.4,3.65,3.39,30.3,75.8
B0648,2.18,1.4,3.06,3.42,3.85,30.3,67.4
B0649,2.29,1.74,3.29,4.25,3.73,28.8,58.0
B0650,2.0,1.62,2.69,4.94,3.01,30.0,55.3
B0651,1.59,1.44,2.42,3.88,3.29,24.6,62.6
B0652,2.04,1.71,3.67,3.31,3.21,30.1,72.4
B0653,2.09,1.73,2.71,3.81,3.16,26.2,74.8
B0654,2.25,1.72,2.79,4.11,3.5,25.2,62.4
B0655,1.93,1.76,4.46,3.49,4.0,25.7,67.4
B0656,1.63,1.43,5.86,4.38,3.17,26.9,65.5
B0657,1.78,1.68,4.22,5.0,3.42,25.8,65.3
B0658,1.86,1.53,1.85,4.01,3.46,26.2,60.8
B0659,2.15,1.72,1.84,3.84,4.46,24.9,58.4
B0660,2.07,1.66,5.78,3.92,4.42,26.1,59.9
B0661,1.86,1.69,2.84,3.41,4.16,28.0,56.4
B0662,2.49,1.63,1.91,4.79,3.21,27.1,60.0
B0663,2.11,1.39,4.2,3.95,2.92,26.4,55.2
B0664,1.74,1.57,4.31,3.9,3.34,29.2,70.7
B0665,1.6,1.79,4.42,4.39,3.25,30.3,62.9
B0666,1.65,1.77,2.7,4.0,3.66,29.3,79.3
B0667,1.75,1.32,1.57,4.37,4.12,26.3,59.8
B0668,1.66,1.38,5.84,3.31,4.26,29.2,63.6
B0669,1.69,1.37,2.63,4.66,4.24,25.1,63.9
B0670,1.79,1.66,4.54,4.89,3.41,24.9,55.2
B0671,1.67,1.71,4.68,4.37,3.97,26.4,76.0
B0672,2.4,1.41,4.25,4.92,3.33,29.7,55.8
B0673,1.58,1.55,2.91,3.47,2.9,25.7,78.5
B0674,2.02,1.72,2.72,4.06,3.99,24.4,77.3
B0675,1.91,1.67,4.19,4.28,2.82,24.9,68.4
B0676,2.48,1.57,5.4,4.25,3.5,30.0,68.6
B0677,1.61,1.6,5.76,3.92,3.36,28.4,71.3
B0678,1.9,1.55,1.98,3.81,3.98,25.8,64.7
B0679,2.47,1.45,2.2,3.43,4.1,27.9,71.2
B0680,2.37,1.58,5.75,3.91,3.32,27.7,56.1
B0681,2.32,1.64,4.81,3.49,4.18,28.6,56.4
B0682,1.76,1.74,5.47,4.52,3.3,25.6,66.4
B0683,1.67,1.62,2.41,3.58,3.56,30.1,68.7
B0684,2.17,1.68,4.14,3.31,4.04,26.2,77.2
B0685,2.43,1.38,4.66,4.19,3.98,28.9,57.6
B0686,2.06,1.53,4.56,4.27,4.48,24.1,75.6
B0687,2.07,1.3,3.34,4.77,3.18,26.6,60.3
B0688,1.78,1.42,1.57,4.24,3.93,26.5,64.9
B0689,2.27,1.66,4.12,3.82,3.84,27.8,62.9
B0690,1.69,1.8,2.64,4.65,4.36,24.5,65.0
B0691,1.82,1.35,3.53,4.17,3.07,29.5,58.8
B0692,1.93,1.5,5.81,3.34,4.08,25.5,67.6
B0693,2.01,1.7,3.3,4.22,3.77,28.7,75.0
B0694,1.74,1.4,5.28,4.83,3.27,29.6,66.0
B0695,1.61,1.58,2.35,3.91,3.61,27.9,67.3
B0696,2.11,1.67,4.53,3.73,3.37,29.2,76.2
B0697,1.79,1.61,5.9,3.46,3.78,28.6,72.7
B0698,2.08,1.39,1.96,3.47,4.31,26.5,67.3
B0699,1.65,1.48,1.54,3.98,3.77,29.7,61.4
B0700,1.98,1.69,3.45,4.27,3.87,26.1,77.1
B0701,2.03,1.58,1.92,3.35,3.68,28.0,69.4
B0702,1.55,1.3,4.87,4.89,2.89,29.2,60.5
B0703,1.84,1.68,5.62,4.56,3.2,26.7,61.7
B0704,1.63,1.32,3.45,4.26,3.64,26.1,75.1
B0705,1.56,1.67,2.66,4.69,3.33,27.2,56.1
B0706,2.49,1.4,3.45,3.34,3.11,29.7,79.8
B0707,1.82,1.78,4.76,4.06,3.66,30.5,58.3
B0708,2.31,1.48,1.54,4.33,3.35,27.8,74.9
B0709,1.75,1.46,4.15,4.69,3.24,28.6,64.9
B0710,2.18,1.37,4.26,4.61,3.59,30.3,67.3
B0711,2.26,1.45,4.37,3.7,3.03,24.7,77.0
B0712,2.1,1.74,2.59,4.89,4.38,25.6,65.3
B0713,1.97,1.8,4.71,3.42,4.28,29.0,68.4
B0714,1.91,1.48,1.91,4.78,4.0,29.8,56.2
B0715,1.85,1.52,2.4,4.95,2.98,30.0,55.1
B0716,2.43,1.66,5.45,3.52,4.12,26.9,61.1
B0717,2.33,1.74,4.82,4.5,4.17,24.6,72.0
B0718,2.47,1.6,1.56,3.27,4.11,27.1,58.0
B0719,1.62,1.5,2.62,3.93,2.99,25.6,57.8
B0720,2.23,1.51,2.46,4.13,3.89,26.0,65.3
B0721,2.44,1.65,2.72,4.25,4.22,29.4,71.2
B0722,1.68,1.3,2.61,4.88,3.78,24.5,72.8
B0723,1.57,1.61,1.78,4.41,3.9,29.8,59.5
B0724,2.24,1.48,3.57,4.07,3.58,27.0,57.0
B0725,2.07,1.7,4.8,4.66,3.7,28.2,78.5
B0726,2.34,1.35,4.23,4.91,2.86,24.6,61.5
B0727,1.64,1.59,4.53,3.24,3.89,26.4,76.3
B0728,2.3,1.54,1.87,4.97,2.94,24.6,76.6
B0729,1.7,1.62,5.78,3.36,3.54,30.7,74.3
B0730,1.66,1.33,5.27,4.67,3.3,29.7,59.2
B0731,1.66,1.59,5.12,3.7,3.73,27.2,75.5
B0732,2.31,1.58,5.2,3.44,3.03,25.6,74.2
B0733,2.17,1.58,5.7,3.99,3.98,30.5,69.9
B0734,2.02,1.6,3.95,4.36,4.15,26.4,63.4
B0735,1.86,1.64,2.4,3.89,3.08,25.1,61.6
B0736,2.38,1.7,4.28,3.3,2.98,27.9,58.0
B0737,1.89,1.43,4.84,4.28,3.05,30.6,67.7
B0738,2.32,1.71,4.82,4.82,4.29,24.0,69.6
B0739,1.94,1.55,3.85,3.89,3.7,25.7,64.0
B0740,1.88,1.34,1.81,3.59,3.59,30.6,66.9
B0741,1.96,1.33,3.17,4.0,2.98,25.2,64.1
B0742,1.8,1.47,5.64,3.29,3.9,24.8,71.0
B0743,2.25,1.69,4.13,4.68,4.28,28.0,77.5
B0744,2.0,1.65,3.92,4.69,4.21,30.0,59.1
B0745,1.73,1.69,2.71,4.26,3.86,27.3,64.5
B0746,2.4,1.56,3.16,3.84,2.93,31.0,58.5
B0747,1.88,1.52,5.53,4.64,2.99,28.8,70.6
B0748,2.04,1.37,4.5,4.2,2.88,24.5,73.2
B0749,2.41,1.46,5.04,4.69,3.24,30.9,78.3
B0750,2.12,1.52,3.54,4.34,3.03,26.9,62.0
B0751,1.62,1.34,4.34,4.61,3.24,26.0,78.8
B0752,2.44,1.41,2.62,4.28,3.45,27.9,56.6
B0753,2.13,1.6,4.67,3.95,4.4,26.1,70.1
B0754,1.83,1.67,3.42,4.92,3.84,24.6,56.4
B0755,1.64,1.8,3.49,4.17,4.22,24.0,77.3
B0756,2.29,1.77,4.42,4.29,4.01,27.1,68.2
B0757,2.12,1.62,5.71,3.6,2.99,29.9,71.7
B0758,2.03,1.51,1.79,4.33,4.05,28.0,75.8
B0759,2.39,1.62,5.21,4.23,3.27,31.0,58.8
B0760,2.29,1.69,2.82,3.53,3.89,26.0,56.0
B0761,1.65,1.36,3.5,3.31,3.38,26.0,77.0
B0762,1.81,1.5,1.6,4.29,4.5,25.1,62.9
B0763,1.75,1.72,2.85,4.57,3.25,25.1,58.2
B0764,2.24,1.49,3.76,4.14,3.27,26.0,66.7
B0765,1.53,1.59,1.75,3.61,4.38,29.5,70.0
B0766,2.07,1.59,3.71,4.4,2.84,30.3,55.8
B0767,2.26,1.39,5.67,3.34,3.98,30.8,61.9
B0768,2.38,1.48,1.97,4.0,4.03,25.6,55.8
B0769,1.84,1.47,4.94,3.49,4.22,30.2,65.5
B0770,2.32,1.31,3.34,3.53,4.46,26.3,77.4
B0771,1.61,1.31,4.45,3.56,4.46,24.8,79.6
B0772,2.35,1.72,2.67,3.9,2.91,30.1,70.9
B0773,1.63,1.44,2.22,3.29,4.2,28.5,59.0
B0774,1.9,1.56,2.22,3.92,3.9,25.2,77.6
B0775,2.3,1.45,1.82,4.12,3.9,27.0,67.9
B0776,1.65,1.77,2.34,4.07,3.02,26.0,58.8
B0777,1.73,1.43,4.49,3.89,3.91,29.2,78.0
B0778,2.22,1.51,5.47,4.71,4.47,27.2,73.9
B0779,2.22,1.74,5.16,3.46,4.35,30.9,73.3
B0780,2.14,1.72,4.58,4.11,3.55,24.4,72.7
B0781,2.19,1.39,2.0,3.31,2.87,26.5,60.0
B0782,2.04,1.7,2.8,3.33,3.42,27.4,60.3
B0783,1.75,1.53,2.89,4.23,4.2,27.5,72.2
B0784,1.85,1.54,2.62,4.22,3.99,26.2,60.5
B0785,1.68,1.37,3.82,4.78,3.58,29.1,66.0
B0786,2.41,1.34,3.91,4.2,2.89,30.1,74.6
B0787,2.08,1.66,3.11,4.93,3.53,30.6,74.6
B0788,1.9,1.55,3.09,3.29,3.6,29.6,66.3
B0789,1.96,1.52,5.23,3.38,4.38,30.0,74.8
B0790,2.45,1.66,5.05,3.28,3.89,27.9,76.0
B0791,1.65,1.68,2.89,3.53,3.33,29.8,71.4
B0792,2.09,1.38,5.61,4.17,3.69,26.1,60.7
B0793,2.01,1.61,5.79,4.36,2.91,26.8,61.9
B0794,2.11,1.37,2.97,3.28,4.45,26.2,62.9
B0795,1.52,1.68,3.09,4.9,3.41,27.3,57.9
B0796,2.37,1.63,3.78,4.72,3.61,26.0,61.8
B0797,2.43,1.78,5.74,3.73,3.4,30.7,60.2
B0798,2.07,1.33,5.44,3.34,3.96,26.2,66.4
B0799,2.2,1.33,1.96,3.51,3.93,24.7,77.7
B0800,2.42,1.44,3.27,3.43,4.02,27.7,57.6
B0801,2.21,1.43,3.99,3.42,3.26,24.4,73.0
B0802,1.65,1.42,3.76,4.13,3.34,24.8,72.2
B0803,2.08,1.75,2.37,3.64,3.01,25.5,57.4
B0804,2.11,1.42,5.36,3.84,3.91,27.3,78.1
B0805,1.92,1.44,4.55,4.98,2.87,27.0,69.2
B0806,2.24,1.68,5.27,4.43,3.82,29.6,64.1
B0807,2.43,1.52,5.36,4.91,4.28,29.2,73.9
B0808,2.43,1.69,4.87,3.46,4.31,27.0,61.4
B0809,1.95,1.33,3.48,3.89,3.56,26.3,72.3
B0810,1.61,1.54,4.25,4.2,3.58,26.2,56.0
B0811,2.48,1.32,2.22,3.34,2.93,29.4,76.0
B0812,2.34,1.33,4.53,3.21,3.94,24.4,66.2
B0813,1.62,1.75,2.31,4.41,4.2,24.1,70.9
B0814,2.42,1.37,4.62,4.36,3.22,29.6,60.5
B0815,2.37,1.57,2.53,3.94,3.52,27.3,71.9
B0816,2.02,1.51,2.03,4.08,4.23,24.9,74.3
B0817,2.09,1.47,2.24,3.95,4.29,25.6,66.8
B0818,1.9,1.75,1.51,3.24,3.21,30.5,70.4
B0819,1.55,1.31,4.73,3.8,3.74,30.0,66.4
B0820,1.84,1.63,4.8,3.52,3.13,29.0,77.4
B0821,2.3,1.78,3.82,3.38,2.97,27.4,67.4
B0822,1.5,1.58,2.23,4.92,4.35,27.6,76.0
B0823,1.83,1.77,1.88,4.28,4.19,30.8,75.0
B0824,1.9,1.33,1.59,4.51,4.09,30.8,65.3
B0825,2.04,1.51,2.25,3.77,2.88,25.5,60.8
B0826,2.42,1.43,5.51,3.91,4.23,29.7,65.2
B0827,1.85,1.67,2.59,3.63,3.54,25.4,75.7
B0828,1.85,1.79,3.09,3.37,3.38,25.5,60.7
B0829,2.24,1.43,1.97,3.52,3.73,28.7,68.1
B0830,1.95,1.63,2.5,4.64,2.96,26.8,75.2
B0831,1.72,1.4,3.84,4.42,4.09,30.5,63.8
B0832,1.95,1.58,4.23,4.18,3.79,24.6,71.1
B0833,1.64,1.53,2.6,4.06,3.12,27.6,61.1
B0834,1.68,1.79,1.76,4.86,3.12,30.4,57.7
B0835,2.0,1.6,3.26,3.33,3.11,30.3,74.9
B0836,1.92,1.47,2.55,3.71,2.9,25.1,57.5
B0837,2.41,1.36,2.49,3.83,3.8,26.6,61.8
B0838,1.86,1.38,5.82,4.61,4.23,28.3,76.4
B0839,2.08,1.41,4.27,4.99,2.83,25.1,63.7
B0840,2.13,1.43,4.01,3.63,2.88,30.8,79.3
B0841,1.51,1.73,3.37,4.77,3.77,30.4,79.5
B0842,2.16,1.58,3.43,4.7,4.19,25.2,61.7
B0843,1.68,1.56,3.93,3.6,3.36,24.8,56.0
B0844,2.46,1.36,4.63,3.92,3.39,24.6,72.6
B0845,1.65,1.73,4.66,3.94,3.81,30.4,66.3
B0846,1.91,1.66,2.27,4.96,3.27,25.4,57.5
B0847,1.59,1.33,3.75,3.53,2.85,26.9,72.7
B0848,2.5,1.65,3.35,4.64,4.05,27.1,55.8
B0849,2.0,1.57,5.42,3.8,3.86,28.2,76.8
B0850,2.1,1.34,4.34,4.52,3.79,24.5,58.5
B0851,1.57,1.53,3.9,3.96,4.06,25.6,58.2
B0852,2.25,1.54,2.02,4.24,3.95,30.5,59.4
B0853,1.71,1.38,4.23,4.7,3.15,30.4,79.0
B0854,2.4,1.77,2.03,4.65,3.4,29.5,72.3
B0855,1.71,1.72,3.02,4.76,3.01,24.1,75.0
B0856,1.69,1.63,2.14,3.31,3.02,26.3,64.9
B0857,1.54,1.53,4.61,4.45,3.95,28.4,63.4
B0858,1.97,1.51,2.43,3.45,4.26,25.9,60.9
B0859,2.06,1.63,3.26,3.95,4.44,30.4,67.0
B0860,1.57,1.57,5.53,4.19,3.87,28.4,68.8
B0861,2.28,1.33,2.42,3.92,3.11,24.5,70.8
B0862,1.95,1.56,3.79,4.14,2.98,30.4,61.4
B0863,2.02,1.7,3.39,4.99,4.18,30.7,78.7
B0864,1.94,1.53,1.58,3.44,3.78,24.5,59.2
B0865,1.9,1.33,5.07,4.42,3.85,27.7,79.1
B0866,2.06,1.69,1.81,3.91,4.13,26.1,55.4
B0867,1.66,1.4,3.63,3.44,4.0,26.7,67.0
B0868,1.68,1.43,4.02,3.49,4.22,25.3,63.3
B0869,2.36,1.38,4.33,4.91,2.9,28.0,66.2
B0870,2.45,1.47,4.6,4.78,4.07,30.7,69.3
B0871,1.87,1.68,2.64,4.83,4.25,27.5,65.9
B0872,1.77,1.56,1.54,4.98,3.29,24.6,65.4
B0873,2.14,1.4,4.76,3.57,3.89,28.3,73.3
B0874,1.91,1.74,3.91,3.84,3.33,26.4,72.1
B0875,1.53,1.74,5.26,4.4,4.43,30.0,75.8
B0876,1.66,1.74,5.2,4.07,2.86,27.0,61.2
B0877,2.22,1.42,5.29,3.95,3.79,25.3,70.2
B0878,2.16,1.53,3.68,3.84,3.08,25.3,69.6
B0879,1.53,1.79,3.0,4.27,4.01,29.4,64.2
B0880,1.72,1.69,5.06,4.24,3.1,25.9,67.2
B0881,1.73,1.31,3.53,3.49,3.2,29.4,62.8
B0882,2.17,1.33,2.33,4.05,3.64,25.4,58.5
B0883,1.52,1.53,5.35,4.2,4.36,26.3,60.3
B0884,1.6,1.75,5.47,4.23,3.16,27.3,57.6
B0885,2.3,1.57,3.6,3.58,3.05,30.6,72.1
B0886,1.68,1.55,1.84,4.54,4.09,30.5,71.5
B0887,2.15,1.35,3.25,3.25,3.65,25.4,78.8
B0888,1.74,1.63,5.12,3.84,4.35,26.5,73.2
B0889,1.6,1.71,5.56,4.6,3.05,25.0,56.3
B0890,1.74,1.49,2.42,4.22,3.9,27.6,77.1
B0891,2.22,1.69,1.8,3.67,3.2,27.2,76.6
B0892,2.36,1.78,5.45,4.45,3.07,30.3,66.1
B0893,2.33,1.4,3.25,4.22,3.96,30.5,69.6
B0894,1.9,1.56,3.94,4.63,3.81,26.7,79.4
B0895,2.17,1.44,5.86,4.52,4.08,27.4,68.3
B0896,1.7,1.7,1.8,4.3,3.33,30.3,77.6
B0897,1.79,1.59,4.42,4.08,3.56,29.6,57.1
B0898,2.4,1.62,1.83,3.44,3.49,24.0,59.8
B0899,1.51,1.7,3.19,3.67,4.47,26.2,66.0
B0900,1.59,1.5,5.12,3.95,3.3,27.0,69.6
B0901,1.71,1.76,3.45,4.28,3.3,25.6,75.4
B0902,1.53,1.57,5.99,4.12,3.4,25.4,79.7
B0903,1.68,1.38,4.02,3.72,3.76,24.3,64.7
B0904,2.08,1.65,2.95,3.21,3.23,28.5,56.2
B0905,1.92,1.7,2.49,4.09,4.36,25.8,75.0
B0906,2.39,1.46,3.08,3.71,3.25,24.4,70.1
B0907,2.32,1.73,3.18,4.52,4.32,25.6,60.0
B0908,1.84,1.75,1.81,3.24,2.98,29.6,67.4
B0909,1.76,1.44,3.16,4.25,3.92,30.0,73.6
B0910,1.88,1.79,3.59,4.89,4.34,27.4,74.3
B0911,2.09,1.37,4.75,3.51,3.09,26.9,67.5
B0912,1.77,1.4,4.46,4.05,4.45,30.8,62.6
B0913,2.12,1.39,4.69,3.36,3.57,25.4,79.3
B0914,1.91,1.75,1.54,4.33,4.41,25.5,71.6
B0915,2.05,1.63,2.48,4.19,3.95,26.0,65.2
B0916,1.94,1.38,4.48,3.93,3.31,25.2,62.0
B0917,1.79,1.52,3.68,4.14,3.12,26.7,73.3
B0918,2.45,1.61,1.52,4.81,3.32,30.4,61.1
B0919,2.26,1.34,5.12,3.55,2.96,28.3,59.3
B0920,1.64,1.74,4.98,3.24,3.04,26.9,68.2
B0921,2.37,1.7,3.97,4.75,2.98,30.5,62.2
B0922,1.99,1.55,1.8,4.24,3.52,24.3,70.7
B0923,2.39,1.78,4.95,4.8,4.15,25.5,57.9
B0924,2.3,1.51,4.13,4.27,3.04,28.0,71.4
B0925,1.93,1.79,5.02,4.66,3.02,28.3,62.1
B0926,1.52,1.63,4.88,3.97,3.89,24.3,55.0
B0927,1.77,1.62,5.11,4.55,3.14,26.8,58.2
B0928,2.04,1.38,3.83,4.84,2.97,28.5,78.3
B0929,2.13,1.74,2.13,4.23,3.08,28.9,76.7
B0930,1.76,1.51,4.52,3.53,4.37,28.5,60.8
B0931,1.64,1.38,4.29,3.68,4.2,26.2,74.5
B0932,2.33,1.31,4.84,3.56,3.4,24.7,70.2
B0933,2.48,1.58,2.26,3.64,3.91,27.0,79.3
B0934,2.03,1.56,2.38,3.75,3.71,24.9,64.3
B0935,1.67,1.66,5.51,4.2,3.95,30.6,72.0
B0936,1.77,1.75,4.87,4.26,3.96,27.3,56.6
B0937,1.52,1.34,5.59,3.97,3.87,26.2,64.9
B0938,2.41,1.67,4.91,4.31,3.25,29.4,79.1
B0939,1.62,1.39,4.19,3.35,2.87,27.5,68.5
B0940,2.08,1.73,4.44,3.36,3.57,26.2,62.2
B0941,1.77,1.71,5.5,3.51,4.31,29.7,58.0
B0942,2.05,1.57,4.1,4.13,3.77,30.1,72.6
B0943,2.15,1.66,4.35,3.59,4.22,28.7,71.1
B0944,2.33,1.46,2.2,3.71,4.49,24.3,64.3
B0945,1.71,1.54,3.63,3.92,3.08,28.0,78.8
B0946,1.51,1.71,4.72,4.66,3.98,29.3,55.6
B0947,1.64,1.53,2.72,3.22,3.95,25.0,62.6
B0948,2.4,1.48,2.41,4.37,4.47,25.6,78.0
B0949,2.37,1.55,2.91,4.4,4.48,30.2,63.0
B0950,2.1,1.71,2.59,4.64,3.97,24.1,61.3
B0951,2.1,1.47,2.47,4.88,3.21,29.3,68.4
B0952,2.17,1.39,3.41,3.24,4.16,27.3,75.6
B0953,1.68,1.66,5.59,3.48,2.98,27.1,57.6
B0954,2.41,1.71,3.78,4.8,4.13,24.0,78.6
B0955,1.92,1.35,2.35,4.03,4.35,29.7,74.9
B0956,1.88,1.42,1.85,4.22,3.45,26.5,59.5
B0957,2.02,1.37,4.63,4.39,3.87,27.8,72.8
B0958,1.55,1.47,3.22,4.42,3.53,28.7,64.6
B0959,1.67,1.53,5.2,4.88,3.54,28.9,65.1
B0960,2.24,1.67,4.47,4.99,3.33,30.7,74.6
B0961,1.58,1.63,5.08,4.5,4.1,27.7,79.1
B0962,2.1,1.61,2.72,3.72,4.39,26.8,58.2
B0963,1.75,1.48,4.62,4.78,4.4,30.7,65.5
B0964,1.89,1.72,2.69,3.29,3.1,28.5,67.0
B0965,1.79,1.54,5.73,3.62,4.29,26.1,64.4
B0966,1.86,1.79,4.36,4.82,4.05,24.9,64.1
B0967,2.22,1.62,2.96,3.66,3.23,29.9,56.3
B0968,1.8,1.36,2.71,3.6,2.91,26.5,72.1
B0969,2.07,1.64,2.36,3.45,3.26,28.6,65.9
B0970,1.98,1.46,4.63,4.75,4.35,27.3,59.9
B0971,2.16,1.64,2.48,4.1,3.88,25.4,75.4
B0972,2.44,1.33,4.18,4.41,4.03,28.2,75.1
B0973,2.23,1.39,2.69,3.63,3.24,24.4,67.2
B0974,1.71,1.73,4.48,4.56,4.02,26.9,62.5
B0975,1.53,1.41,5.17,4.57,2.85,27.8,71.0
B0976,1.76,1.72,5.0,3.76,3.44,27.1,62.2
B0977,2.1,1.44,4.92,3.94,3.87,29.2,60.9
B0978,1.55,1.62,2.34,3.58,3.05,29.8,73.3
B0979,2.0,1.65,1.9,4.96,4.2,29.4,56.0
B0980,2.1,1.56,4.65,4.36,3.2,24.3,57.4
B0981,1.83,1.45,3.16,4.88,3.91,25.4,55.2
B0982,2.27,1.41,3.45,3.75,3.49,27.8,58.8
B0983,1.61,1.32,1.64,4.61,3.81,30.5,56.7
B0984,1.58,1.45,2.67,4.58,2.98,29.8,79.9
B0985,2.23,1.63,1.65,4.44,2.83,29.9,62.2
B0986,2.0,1.77,5.46,4.94,4.35,26.1,58.7
B0987,2.19,1.74,2.6,3.91,3.26,27.0,61.0
B0988,1.93,1.68,4.01,3.44,4.19,27.3,78.4
B0989,1.75,1.69,1.68,4.41,4.5,25.1,68.0
B0990,2.32,1.63,4.5,4.51,3.16,24.2,64.1
B0991,2.3,1.43,2.95,4.24,3.25,30.6,76.8
B0992,2.19,1.75,5.54,3.57,3.93,25.7,64.9
B0993,1.77,1.64,5.5,4.11,4.44,25.7,63.4
B0994,2.09,1.58,2.96,3.76,4.36,24.6,60.2
B0995,1.86,1.36,5.55,3.97,3.65,30.5,64.4
B0996,1.59,1.52,5.98,4.36,4.15,28.1,62.9
B0997,2.42,1.53,5.21,4.54,3.03,28.7,71.9
B0998,1.64,1.73,5.3,3.62,4.46,30.4,62.2
B0999,2.45,1.57,2.62,3.93,4.44,26.4,69.4
B1000,1.95,1.49,4.1,3.68,3.08,28.4,56.6
B1001,1.69,1.79,1.8,3.56,3.31,24.3,59.8
B1002,2.04,1.36,1.93,4.61,2.97,25.3,65.2
B1003,2.37,1.51,6.0,4.84,3.26,29.8,78.4
B1004,2.23,1.32,2.97,3.87,4.19,29.4,64.4
B1005,2.31,1.67,4.87,4.55,3.44,26.5,71.6
B1006,2.16,1.76,5.13,4.81,2.95,26.6,61.4
B1007,2.19,1.44,5.36,4.72,3.38,27.7,58.2
B1008,2.35,1.73,5.99,3.53,4.47,24.0,56.5
B1009,1.75,1.45,2.59,4.92,3.87,25.7,62.6
B1010,1.99,1.76,1.68,3.88,3.51,25.5,58.9
B1011,1.72,1.68,3.35,3.81,3.08,25.8,59.4
B1012,2.49,1.7,2.09,3.31,4.48,29.6,74.0
B1013,2.44,1.31,1.6,4.08,4.2,26.0,55.4
B1014,1.54,1.78,3.12,3.4,3.28,25.3,68.9
B1015,2.21,1.66,5.03,3.65,2.92,27.5,64.5
B1016,2.43,1.45,4.05,3.77,2.9,30.1,67.7
B1017,1.68,1.71,2.91,4.66,3.0,25.7,69.1
B1018,2.07,1.44,4.44,4.78,3.79,24.5,62.8
B1019,2.42,1.74,2.54,3.74,4.38,26.5,62.4
B1020,1.53,1.36,1.56,4.75,3.64,29.2,73.3
B1021,2.2,1.65,4.94,4.74,4.23,27.9,76.8
B1022,1.8,1.57,4.31,4.58,3.56,29.7,59.8
B1023,2.42,1.35,4.93,3.46,4.0,30.7,57.4
B1024,2.47,1.42,1.68,4.44,4.04,29.5,77.4
B1025,2.44,1.31,5.27,4.9,3.1,28.2,63.7
B1026,1.97,1.53,4.29,4.43,3.41,27.5,68.8
B1027,2.36,1.45,4.04,3.8,3.88,24.3,64.0
B1028,2.34,1.6,4.31,4.1,2.92,30.9,58.1
B1029,1.82,1.45,5.39,4.36,3.41,26.7,69.7
B1030,2.33,1.45,4.14,4.12,3.71,25.1,68.1
B1031,1.54,1.67,4.11,3.42,4.49,28.7,60.1
B1032,2.1,1.32,5.96,3.76,3.61,26.0,66.3
B1033,1.73,1.75,4.91,4.64,4.19,28.1,74.9
B1034,1.62,1.73,3.49,4.75,3.53,28.1,69.8
B1035,1.58,1.63,4.68,3.45,4.15,27.1,57.4
B1036,2.2,1.6,3.25,4.91,3.81,29.9,68.7
B1037,1.84,1.75,2.53,3.79,4.31,25.9,72.6
B1038,2.22,1.39,4.19,4.39,3.5,27.1,74.8
B1039,1.57,1.34,5.68,4.55,3.83,27.8,70.7
B1040,1.82,1.42,5.68,4.66,3.87,28.6,58.8
B1041,2.04,1.7,3.04,4.9,3.51,29.5,72.8
B1042,2.29,1.32,3.87,3.76,3.05,26.8,71.9
B1043,1.82,1.59,2.45,4.75,2.96,28.5,55.6
B1044,2.13,1.8,5.98,3.44,2.83,25.1,65.3
B1045,2.39,1.73,5.92,4.47,4.29,30.5,63.3
B1046,2.12,1.56,4.42,4.54,3.2,26.7,71.7
B1047,1.73,1.33,5.12,4.42,3.16,29.1,60.4
B1048,1.52,1.72,4.72,3.65,4.05,24.1,69.8
B1049,2.37,1.6,4.17,4.77,3.34,25.4,77.8
B1050,1.52,1.36,1.74,3.5,3.66,27.4,74.9
B1051,2.37,1.35,3.55,3.3,3.08,30.1,78.0
B1052,2.03,1.75,4.54,4.49,4.43,27.7,79.5
B1053,2.44,1.63,4.55,4.06,4.25,30.5,55.3
B1054,2.3,1.71,3.18,4.73,4.27,27.4,70.6
B1055,2.5,1.74,5.74,3.89,3.49,27.4,65.3
B1056,1.85,1.59,2.25,3.5,4.1,24.8,76.5
B1057,2.27,1.56,3.75,4.71,3.04,29.6,61.3
B1058,1.9,1.52,4.61,4.19,2.81,25.7,79.5
B1059,1.98,1.46,4.64,3.54,2.83,30.3,70.3
B1060,2.13,1.52,4.42,4.5,3.8,30.4,74.8
B1061,2.37,1.69,2.74,4.12,3.57,30.6,57.1
B1062,2.48,1.6,2.2,4.29,3.68,27.6,59.6
B1063,2.27,1.75,4.36,4.03,2.81,28.7,74.0
B1064,1.92,1.52,4.2,4.69,3.52,29.4,55.5
B1065,1.92,1.6,2.31,4.69,4.02,24.9,75.4
B1066,2.24,1.62,4.67,4.48,3.55,28.2,55.3
B1067,1.74,1.6,3.55,3.39,4.04,24.2,71.4
B1068,1.61,1.65,4.5,4.71,3.2,27.5,64.1
B1069,1.85,1.42,5.27,4.41,4.18,25.1,70.3
B1070,1.79,1.56,2.26,4.45,3.8,25.3,72.4
B1071,1.8,1.35,1.59,3.85,3.16,26.6,63.6
B1072,1.73,1.49,5.01,4.78,3.2,27.0,57.7
B1073,1.54,1.54,4.24,4.51,3.87,28.4,56.7
B1074,1.52,1.63,4.65,3.4,4.21,24.5,69.7
B1075,2.49,1.78,5.27,3.93,3.51,27.5,68.0
B1076,1.93,1.6,5.11,4.8,3.24,25.3,73.6
B1077,1.88,1.67,5.82,3.28,4.27,28.0,67.7
B1078,2.18,1.55,3.91,4.93,3.94,28.5,65.6
B1079,1.72,1.62,3.7,4.42,3.56,27.9,65.0
B1080,2.45,1.34,3.31,4.34,3.63,29.2,55.7
B1081,2.29,1.43,2.19,3.69,3.15,26.3,63.4
B1082,1.59,1.48,4.08,3.65,3.87,29.4,79.4
B1083,1.92,1.54,2.75,4.9,3.41,27.0,76.8
B1084,2.38,1.32,5.65,3.74,4.49,27.4,63.2
B1085,2.44,1.37,4.12,4.6,3.62,28.5,69.7
B1086,1.97,1.44,4.17,3.91,3.63,24.1,76.2
B1087,2.11,1.79,3.1,3.45,3.76,28.6,66.0
B1088,1.67,1.47,1.73,3.22,4.36,28.3,55.4
B1089,2.49,1.54,1.64,4.18,4.16,26.2,56.9
B1090,1.73,1.4,3.41,4.96,3.57,24.6,67.8
B1091,2.44,1.61,1.88,3.86,4.02,24.6,79.2
B1092,2.15,1.44,4.23,3.84,3.8,30.5,72.3
B1093,2.11,1.4,5.46,3.82,3.64,28.8,56.8
B1094,2.01,1.56,5.47,4.14,3.13,24.9,59.7
B1095,1.73,1.3,4.47,3.99,3.59,26.5,74.3
B1096,1.68,1.3,2.45,4.78,3.22,28.1,76.0
B1097,1.72,1.41,5.38,4.11,4.36,29.8,70.4
B1098,1.69,1.32,5.49,4.11,3.37,24.3,71.1
B1099,2.28,1.35,2.38,3.45,4.42,25.7,55.7
B1100,1.85,1.47,4.82,4.97,3.71,30.2,75.7
B1101,1.56,1.7,2.79,3.65,3.87,24.1,74.7
B1102,2.47,1.59,5.11,3.33,3.72,25.4,61.5
B1103,2.38,1.56,5.99,4.39,3.02,30.7,72.7
B1104,2.43,1.45,1.64,4.27,3.44,28.3,60.4
B1105,2.49,1.77,5.54,3.95,2.97,25.8,56.0
B1106,1.67,1.5,4.3,3.96,3.86,24.5,60.0
B1107,1.9,1.34,5.88,4.61,3.56,24.2,59.5
B1108,2.26,1.61,3.59,3.55,4.12,25.7,63.4
B1109,2.2,1.36,5.31,4.68,3.17,30.2,65.5
B1110,1.65,1.47,1.78,4.37,3.08,26.9,67.7
B1111,2.32,1.55,3.01,3.95,3.49,29.0,66.9
B1112,1.72,1.74,1.8,4.02,4.38,30.4,61.8
B1113,1.72,1.55,5.89,3.66,4.01,26.9,55.7
B1114,2.04,1.65,5.18,4.55,3.51,25.3,70.1
B1115,2.09,1.8,5.34,4.12,3.68,27.6,64.9
B1116,2.08,1.37,5.72,3.78,2.94,30.4,62.5
B1117,1.59,1.44,1.88,4.27,4.47,29.6,76.7
B1118,2.38,1.5,3.24,4.99,3.93,24.5,73.7
B1119,1.77,1.51,1.82,3.98,3.29,28.8,76.4
B1120,1.63,1.51,2.45,4.86,3.8,28.0,67.4
B1121,2.39,1.75,2.53,3.82,2.99,30.4,58.3
B1122,2.46,1.66,3.61,3.3,4.44,24.9,72.4
B1123,2.36,1.6,2.71,3.57,3.1,27.7,60.2
B1124,2.31,1.45,1.95,3.95,3.9,30.2,66.0
B1125,2.16,1.71,2.25,3.6,3.22,26.9,56.6
B1126,2.05,1.78,2.16,3.2,4.02,27.4,75.6
B1127,1.59,1.71,5.88,4.85,4.12,24.5,58.1
B1128,1.91,1.3,4.92,4.72,3.94,25.9,77.6
B1129,1.87,1.62,5.85,4.54,3.84,26.3,76.6
B1130,1.76,1.33,3.48,3.5,4.32,30.6,66.6
B1131,2.22,1.43,2.75,3.42,2.93,26.0,73.6
B1132,2.0,1.33,5.09,3.32,3.36,27.2,70.5
B1133,1.58,1.6,2.97,4.5,3.22,28.7,75.1
B1134,1.72,1.64,2.85,4.87,4.48,25.1,65.8
B1135,2.18,1.36,2.55,3.97,3.46,27.4,74.6
B1136,1.58,1.49,2.08,3.41,4.05,29.2,66.6
B1137,2.35,1.53,2.65,4.12,3.96,30.1,78.5
B1138,2.0,1.48,3.1,3.83,3.16,28.4,67.2
B1139,1.98,1.36,4.53,3.87,3.21,28.7,66.6
B1140,2.09,1.51,1.78,4.32,3.28,24.9,74.6
B1141,2.32,1.68,2.45,4.49,3.5,30.6,75.5
B1142,1.85,1.34,5.14,3.4,3.2,24.9,68.9
B1143,2.18,1.34,2.16,3.26,2.83,29.4,59.5
B1144,2.07,1.48,3.04,4.99,4.29,25.9,66.7
B1145,1.77,1.77,5.39,3.62,4.44,30.5,79.2
B1146,2.38,1.63,2.2,3.3,3.38,29.0,73.8
B1147,2.3,1.64,1.87,3.54,3.38,29.3,75.3
B1148,2.16,1.48,3.68,3.27,2.81,25.5,55.8
B1149,2.35,1.6,2.86,3.91,3.96,27.1,66.7
B1150,2.37,1.31,4.04,4.64,4.2,28.3,71.2
B1151,2.21,1.62,5.12,3.81,3.05,29.4,75.8
B1152,2.34,1.76,2.12,4.0,3.07,24.7,56.2
B1153,2.2,1.61,4.11,4.42,4.14,30.7,76.3
B1154,2.18,1.74,3.77,4.12,3.85,30.2,68.7
B1155,2.12,1.66,2.15,4.75,2.88,25.9,59.9
B1156,2.25,1.36,4.31,4.76,3.86,29.8,62.9
B1157,1.66,1.75,2.73,3.22,3.33,27.6,62.0
B1158,2.38,1.33,3.7,4.6,3.43,27.2,68.3
B1159,2.37,1.57,1.87,4.03,4.11,26.2,56.3
B1160,1.53,1.37,3.57,4.98,4.18,28.1,59.0
B1161,2.33,1.31,2.88,4.07,3.48,29.1,75.3
B1162,1.63,1.51,5.2,4.98,4.41,26.9,58.3
B1163,1.84,1.45,1.76,4.56,3.49,28.4,60.8
B1164,2.24,1.54,3.38,3.65,4.11,28.9,66.3
B1165,1.66,1.59,3.56,4.17,3.62,29.0,67.9
B1166,2.32,1.32,4.76,4.99,4.33,24.4,74.1
B1167,2.33,1.36,4.08,4.74,4.34,30.0,66.2
B1168,2.01,1.58,4.5,3.38,2.95,27.2,74.7
B1169,1.51,1.47,5.0,4.47,4.39,25.8,70.5
B1170,1.79,1.66,5.38,3.82,4.2,25.7,57.8
B1171,2.12,1.63,2.91,3.21,4.15,27.4,58.9
B1172,2.48,1.72,3.92,3.93,3.14,30.2,65.9
B1173,2.13,1.65,5.28,3.62,4.17,26.6,64.9
B1174,1.76,1.51,5.95,4.67,4.25,29.2,73.6
B1175,2.13,1.64,5.5,3.81,3.29,24.7,69.5
B1176,2.04,1.44,3.17,4.69,4.42,27.3,64.7
B1177,2.28,1.45,2.38,3.2,2.88,30.9,59.3
B1178,1.61,1.69,3.7,3.75,3.05,29.4,60.7
B1179,2.26,1.52,4.84,3.63,3.71,25.5,69.4
B1180,2.04,1.7,3.72,3.62,3.78,27.5,65.6
B1181,2.46,1.71,3.67,3.32,3.9,25.6,67.9
B1182,1.84,1.73,5.27,3.54,2.83,26.9,59.3
B1183,2.13,1.76,3.13,4.2,4.43,29.5,71.6
B1184,2.43,1.52,5.37,3.72,2.88,29.4,76.3
B1185,1.6,1.46,3.33,3.95,3.04,25.6,61.4
B1186,2.44,1.59,2.98,3.88,2.82,30.5,67.3
B1187,2.19,1.49,3.54,4.78,3.76,28.1,79.4
B1188,1.57,1.6,4.93,4.83,4.38,26.7,63.3
B1189,1.8,1.65,2.07,4.09,3.93,27.5,69.9
B1190,2.21,1.64,2.38,3.79,4.2,28.2,57.3
B1191,1.57,1.49,5.78,3.39,2.82,27.9,70.2
B1192,2.08,1.38,2.29,4.92,3.72,27.4,57.2
B1193,1.85,1.52,4.05,3.31,3.58,27.5,79.0
B1194,2.12,1.37,4.11,3.74,3.65,25.2,72.9
B1195,1.55,1.75,3.7,3.74,2.92,29.7,74.7
B1196,2.37,1.47,4.4,3.78,3.96,27.8,72.6
B1197,2.47,1.38,2.53,3.5,3.66,24.9,69.7
B1198,2.47,1.31,3.99,4.61,4.1,29.4,66.2
B1199,2.25,1.62,3.17,3.42,3.62,30.5,76.5
B1200,1.63,1.62,4.48,4.34,3.05,30.6,78.9
